序号,注音,语料统一用字,其他可接受的写法,辞典将来用字参考,普通话,优先级
1,ab5tun1hian3,啊吞嫌,啊吞嫌,啊吞嫌,"鸭子吞食蚯蚓,形容整个囫囵儿吞下:但肚饥死欸,端起一大碗面食去~一样(他太饿了,端起一大碗面就囫囵吞吃下去)。",1
2,a5,啊,頓,啊,"生气子女唔答佢,但~死欸(儿女不理他,他非常生气)。",1
3,a5,庵,菴,菴,"围篱笆:菜畦喏种去,园篱~好欸无(菜刚种下去,篱笆围好了没有)。",1
4,am3,揞,揞,揞,"①用手摔:大人还~泥沙,唔怕,怕人笑话(这么大个人还摔泥沙玩,不怕人笑话);②遮掩:无脉个见唔得人个事,唔使~等来(没什么见不得人的事,用不着遮遮掩掩);③轻抱:阿伢欸~等来睡,正唔会吓着(婴儿要抱着睡,才不会受惊)。",1
5,an3,按,按,按,这么 (~高),1
6,an3n3,按呢,按欸,按欸,这样子,1
7,an3yong4,按样,按仰,按样,这样,1
8,ang1gu1,嘤咕,嘤咕,嘤咕,婴儿啼哭声,1
9,au3,拗,拗,拗,折 (~断树枝),1
10,au4,坳,坳,坳,争论,1
11,bag5,剥,剥,剥,(白读)①用手将食物分离:但将一只柚欸~开四折(他把一只柚子剥成四大片);②剥去果实的皮或壳:番豆~搬壳来拿去煲汤(花生去壳后用来煲汤)。,1
12,bag5,擘,擘,擘,张 (~嘴),1
13,bag6,陌,啪,陌,吸的动作。例：咁啜。非常；咁烧,1
14,bai1,屛,跛,屛,残疾,1
15,ban3,粄,粄,粄,"用大米、小麦磨粉制成的糕点:甜~(糯米加糖制成的糕),萝帛~(萝卜糕),老麦~(粗面粉蒸的糕)。",1
16,ban4lan4ran4,半烂绽,半烂钱，半烂灿,半烂绽,半途,1
17,bang1,搒,㧚，绷，捞,搒,①拔:~草(拔草)/~毛(拔毛);②拉:电话线~紧滴(电话线拉紧点)。,1
18,bang4,绑,绑,绑,拟声词,1
19,bau4,爆,爆,爆,①突然破裂:气球~撒欸(气球破了);②用热油煎炸:客家人过年~煎圆欸(客家人过年炸煎堆)。,1
20,bên4,凭,凭,凭,(白读)靠:~墙(靠墙)/~等交椅(靠着交椅)。,1
21,bi4,背,背,背,"(白读)①用脊背驮:自家晓行,唔使人~(我自己会走路,不用别人背);②用肩膀扛:~枪(扛枪)/~镬头(扛锄头)。",1
22,bi4,痹,痹,痹,"麻木:坐得太久,脚都~撒欸(坐得太久,脚都发麻了)。",1
23,biag5hong4,壁项,壁上,壁上,墙上,1
24,biang1,掤,掤,掤,①用刀或别的硬物向下拍打:但一发火就~刀㧡(他一怒就拍菜刀);②用力摔东西:但两公婆一吵就~碗~筷(他们夫妇俩一吵架就摔碗摔筷)。,1
25,biang4,摒,摒,摒,藏 (把东西~起来),1
26,biaul,标,标,标,投标:秋喃日一千块钱~倒一幅名画(我昨天出价一千元投标得到一幅名画)。,1
27,biaulbiaulpa5pa5,飙飙魄魄,飙飙魄魄,飙飙魄魄,"蹦蹦跳跳:只细妹欸~,好得人惜(这个小女孩儿蹦蹦跳跳,很讨人喜欢)。",1
28,bid5,滗,滗,滗,隔着渣子将汁液倒出:肉汁~出来分阿婆补身(肉汁倒出来给奶奶补身体)。,1
29,bid5,必,必,必,"皲裂 (皮肤~), 嘴唇~开",1
30,bid5,福,福,福,把拌有调料的肉食加水煮于:~猪脚(红烧猪脚)。,1
31,bid5cag5,坼,坼,坼,"裂缝:今年春早,田肚欸个~越来越大(今年春旱,田里的裂缝越来越大)。",1
32,biên3,扁,扁,扁,翻转:煎等个鱼蚊同~转来(煎着的鱼给我翻过来)。,1
33,bin3si3,摒屎,摒屎,摒屎,擦屁股,1
34,biong4,放,放,放,"(口语)①置放:煮好个菜~啊桌欸上(把煮好的菜放在桌子上);②搁置:篇文章唔使咁紧打印,~一下(这篇文章不用那么快打印,放一放);③在一定时间停止工作、学习等:~学(放学)/~假(放假);④发射:~冷箭(放冷箭);⑤点燃:~纸炮(放鞭炮)/~加添(放烟花);⑥加添:~油(加油)/~盐(放盐);⑦借钱给人收取利息:~债(放债);⑧释放:但坐监前~正出来(他坐牢前才被放出来);⑨控制自己的行动,采取某种态度,掌握一定分寸:~醒滴(放聪明点)。",1
35,bo4,播,播,播,"用棍棒扫打:但分人棍欸~伤欸,行唔得(他给人用棍子打伤了,不能走路)。",1
36,bo5d5hab5,发店,发店,发店,哮喘:但一到冬下就~(他一到冬天就哮喘)。,1
37,bo5d5tai3,发癫,发癫,发癫,"患麻风病:老刘还细~,病麻风病院医好欸(老刘小时候患麻风病,在麻风病院治好了)。",1
38,bog6,搏,搏,搏,用棍棒打:但同人打交姣分人~昏欸(他跟人打架被人用棍子打昏了)。,1
39,boi3,掊,跛,跛,碰伤:但唔留心~倒脚(他不小心崴了脚)。,1
40,boi4nong2,背囊,背囊,背囊,背包,1
41,bong1,帮,帮,帮,抹除:但将流出来个鼻水~呀衫上(他把流出来的鼻涕抹在衣服上)。,1
42,bong3,绑,㧚，傍,绑,下 (酒); 拌 (饭),1
43,bu4,哺,哺,哺,"指小孩闭嘴吐口水:细人欸唔好分佢~口濑(小孩儿别让他闭着嘴巴吐口水) 男~哺,女~南(男婴闭嘴发出噗声预示着放晴,女婴做同样的动作则预示着下雨)。",1
44,bud6,钚,钚,钚,轻轻地吐:蟹箇病田边~倒一团泡(斗鱼在田边吐了一团白泡)。,1
45,bun1,奔,分,奔,被，给,1
46,cal,摔,摔,摔,提 (~一桶水),1
47,cab5,插,插,插,"非圆形的手指头螺纹:十只手指头有四只螺,六只~(我十个手指头有四个圆形指纹,六个非圆形指纹)。",1
48,cad5,擦,擦,擦,"疼痛得厉害:脚踭公痛风,~死欸(我脚趾头痛风,疼得要命)。",1
49,cad6,撤,撤,撤,生气并给人难看的脸色:但一唔欢喜就会~死人(他一不高兴就暴跳如雷的)。,1
50,cai1,搓,搓,搓,(口语)①揉搓:~面(揉面)/~衫裤(搓衣服);②搅拌:~沙灰(拌三合土);③推动:~排球(推排球)。,1
51,cam1,掺,掺,掺,用手掌支撑:扛架~得起么(你双杠撑得起来吗)? 俯卧撑~得几多次(你俯卧撑撑得起多少次)。,1
52,can1,缠,缠,缠,倒转:时钟最好唔爱~过来转(时钟最好不要倒过来转)。,1
53,can4,碹,碹,碹,(口语)用碾面棍将面团碾薄:会~面么(你会手工碾面吗)。,1
54,cang2,锃,锃,锃,"强光照射:灯光忒强,~等人唔睇真(灯光太强,照得人看不清楚);②强烈对比:两架唔同牌子个电视机一~,就知得杂架保好货(两架不同品牌的电视机一比照,就知道杂架是好货)。",1
55,cau2,嘈,嘈,嘈,刺耳 (声音~),1
56,cau4,操,操,操,翻寻:唔好乱~人家个东西(不要乱翻人家的东西)。,1
57,cê3,哜,哜,哜,"引逗,引诱:但讲话好会~人笑(他说话很会逗人笑) 只坏鬼专~细人欸去赌钱(这个坏蛋专引诱小孩儿去赌钱)。",1
58,cê3,哜,哜,哜,吸引；逗弄,1
59,cê4,滞,滞,滞,传染,1
60,cen1,岑,岑,岑,把衬衣下摆塞进裤腰:着西装要将衫~好(穿西服要把衬衣塞好)。,1
61,cên1,噌,噌,噌,"叫喊:几年日欸越过越好,莫~苦欸(你这几年生活越过越好,别叫苦了)。",1
62,cên3,逞,逞,逞,"逞强,逞能:但人只~,好像佢脉个都知得(他这个人很会逞能,好像他什么都知道)。",1
63,ci2,剉,剉,剉,杀,1
64,ci4,牸,牸，迟，治,牸,雌性牲畜:牛~(母牛)/羊~(母羊)/狗~(母狗)。,1
65,co4,蹉,蹉,蹉,"滑溜:头先行路唔留心~软一下,好得无跌倒(刚才走路不小心滑了一下,好在没摔倒)。",1
66,co4,剉,剉,剉,"擦拭,揉搓:镬头生锈唔好,拿去~净来(铁锅生锈了,拿过去擦干净) 膝头盖红,用红花油替我揉揉搓搓。",1
67,cod5,啜,啜,啜,"喝:抗战个下昼,餐餐都~粥汤(抗战那时生活很苦,每餐都喝稀汤)。",1
68,cog6,撮,撮,撮,骗:卖东西唔好用假货~人(卖东西不可用假货骗人)。,1
69,cog5,亍,亍,亍,"①随便行走:食夜饭无脉个事,我同去街上~啊欸(吃过晚饭没事儿,我跟你上街去随便走走);②用脚轻扫:前背路上有几只细石,去~攞前(前面路上有几块小石子,你去把它踢开)。",1
70,cog5,绰,绰,绰,在沸水里过一会儿:猪肉爱~过水来煮(瘦肉要在沸水里过一过才煮汤)。,1
71,coi1go4,吹过,罪过,罪过,罪过,1
72,coi2ê3,炊欸,炊欸,炊欸,肿包,1
73,coi3,睬,睬,睬,搭理:莫~但(别理他)。,1
74,con1dug5,穿宕,穿宕,穿宕,"穿底:镬头~欸,买过只新个来(锅底破了,再买口新锅回来)。",1
75,con4,踹,串,踹,"(白读)用脚使劲蹬:贼古捉倒欸,分人一脚板~啊去(小偷抓到了,被人一脚狠狠踹过去)。",1
76,con4,串,串,串,踢 (~了他一脚),1
77,cuchhib5,臭熇,臭熇,臭熇,"指房间潮湿不通风产生的霉味:屋肚姣关去煞紧,样般会~一股臭味(房间里关得严严实实,怎么会不一股霉臭味)。",1
78,cuangiau4hiam1,臭尿醯,臭尿醯,臭尿醯,臭尿骚,1
79,cud6,捽,捽,捽,擦 (用橡皮~错别字),1
80,cum1,神,神,神,使平整:衫拿来烫~滴(上衣用熨斗熨平整点儿)。,1
81,cum1,春,春,春,蛋:鸡~(鸡蛋)/鸭~(鸭蛋)。,1
82,cum2,蹲,竴,竴,(白读)蹲:老人家~落去好难起来(老人家蹲下去很不容易站起来)。,1
83,cung4,忡,忡,忡,指怪异气味对鼻腔的刺激:满地屎尿~死人(满地屎尿难闻极了)。,1
84,da3la12tê2qin1,打犁头圈,打犁头圈,打犁头圈,打个踉跄:但行路踢倒石头~(他走路踢着石头打了个踉跄)。,1
85,da3lin1qin1,打逦圈,打逦圈,打逦圈,"打个踉跄,比打犁头圈程度轻些。",1
86,da3ngi4sw4run1,打尿尊,打尿尊,打尿尊,"拉拉尿前或拉尿中身子微微一颤:阿伢欸~欸,方佬同佢兜尿(娃娃尿颤了,赶快替他把尿)。",1
87,dab5,搭,搭,搭,①托:~人去广州买电脑(我托人去广州买电脑);②乘坐:等人晨朝日~高铁去武汉(我们明天乘高铁去武汉);③遮盖:细人欸热天睡目爱~肚(小孩儿夏天睡觉要盖好腹部)。,1
88,dab5,嗒,嗒,嗒,紧紧咬住:但莳田分两条蟛蜞~等欸(他插秧被两条蚂蟥咬得紧紧的)。,1
89,dab6,搭,搭,搭,啪嗒；零嗒；当当嗒嗒,1
90,dab6,溚,溚,溚,表示程度加深:~湿(湿透)/~透(烂透)/~激(很激)/~干(很干)/~极(极)。,1
91,dag5,折,折,折,用刀划:嫩豆腐先将豆腐~成两块三角形(我酿豆腐先把豆腐划开成两块三角形)。,1
92,dang1,登,登,登,"登记:摆银钱济粮,同老人家个名款~上去欸(这次领救济粮,我把你老人家的姓名登记上去了)。",1
93,dang1,瞪,瞪,瞪,(白读)瞪:眼珠~咬大做脉个(你眼睛瞪那么大干吗)。,1
94,dau3,倒,倒,倒,得 (做~不好吃),1
95,dau4,剉,剉,剉,(口语)用刀剁:~鲩丸(鲩鱼丸)/~肉饼(剁肉饼)。,1
96,dê2,嘚,嘚,嘚,闲聊:得闲来屋家~啊欸(有空来我家聊聊)。,1
97,dê3/dei3,抵,抵,抵,遭 (别~住我),1
98,dê4,嘚,嘚,嘚,庸俗下流的言行:年轻人唔好讲~话(年轻人不要说下流话) 个人只人妇人家面前好~(那个人在女人面前很下流)。,1
99,dê3,等,等,等,"①表示动作正在进行:食~饭,等下再来(我正在吃饭,一会儿再来);②表示动作行为的持续:墙上贴~一张通告(墙上贴着一张通告)。",1
100,dêu1,兜,兜,兜,"端 (~碗); 这些人~啊公园乱踏草坪,真缺德(这些人在公园里乱踩草坪,真是缺德)。",1
101,dêu4,窦,窦,窦,窝:鸟~(鸟窝)/狗~(狗窝)/蜂~(蜂窝)。,1
102,di3,抵,抵,抵,"①借:你夹买兜五石米钱,~么(这件夹克花了五百块钱,借吗?);②押:拿五百块,拿个手表先~等来(你欠我五百块,拿你的手表先押着)。",1
103,diam1,掂,掂,掂,拿取:火厨下个铜煲分人~走欸(厨房里的铜锅给人拿走了)。,1
104,diao3nang2gang4,屌喃径,屌等径,屌喃径,生气，发火,1
105,diau1,叼,叼,叼,蜇 (马蜂~人),1
106,di45,滴,滴,滴,一点儿:行快~(走快点儿)/借~钱分(借点儿钱给我)。,1
107,di46,嘀,嘀,嘀,"象声词,常叠用:一秋风,个膝头就~~欸疼(一刮秋风,我的膝盖就一阵阵疼)。",1
108,din1,钉,钉,钉,"将青菜焯过焯水,~激来正好放油去炒(青菜焯过水了,沥干后才可放油去炒)。",1
109,din4,濎,濎,濎,水满溢出,1
110,do5,掇,掇,掇,①搬动:百斤个石头~得起么(一百多斤的石头你搬得动吗?);②搬运:每圩都去圩场下~青果卖(我每逢圩日都去集市搬运水果回来出售)。,1
111,dog5,斫,斫,斫,"窥视:秋喃夜贼古入屋偷东西,分阿叔~倒欸(昨晚小偷进屋偷东西,给叔叔窥见了)。",1
112,dog6,剉,剉,剉,用利器砍:但个手唔留心分刀~伤欸(他的手不小心给菜刀砍伤了)。,1
113,doi2,咄,咄,咄,大声呵斥:莫唉唔好个态度~人(别用那么凶的态度呵斥别人)。,1
114,don1,端,端,端,端 (~碗),1
115,don3,短,短,短,用手肘打人:打篮球用手踭~人係犯规个(打篮球用胳膊肘打人是犯规的)。,1
116,don3kud6kud6,短屈屈,短屈屈,短屈屈,"形容极短:个铅笔~欸,爱买支新个来(我的铅笔太短了,要买支新的)。",1
117,don4,断,断,断,"说定:两个人今下~过来,下个月5号一手交钱,一手交货(我们两人现在一言为定,下个月5号一手交钱,一手交货)。",1
118,dong4,礑,礑,礑,①石阶:客家围龙屋个大门口都有石~(客家围龙屋的大门口都有石阶);②指石阶的级:屋家个门礑有三~(我家大门前的石阶有三级)。,1
119,dong2,珰,珰,珰,"拖累:爱做快滴,唔好~等人家(你要快点儿,不要拖累别人)。",1
120,du2,嘟,嘟,嘟,"责骂:但用钱大手大脚,分阿爸阿爸~(他用钱大手大脚,被他爸爸骂个没完)。",1
121,du45,咄,咄,咄,"私下地告知:晨朝日超市有特价米卖,~佢知啊欸(明天超市有特价米卖,私下告诉他一声)。",1
122,du45,厾,厾,厾,物品尖端,1
123,dug6,涿,涿,涿,例：水淋淋涿,1
124,dug6,剉,剉,剉,"刺,穿刺:补衫个下分针~出血欸(我补衣服时被针刺出了血) 检查血糖爱~手指(检查血糖要刺手指头)。",1
125,dui3,兑,兑,兑,扯动,1
126,dun1,墩,墩,墩,"棵 (一~树), 丛",1
127,dun1,撴,撴,撴,"用手指节重打对方头壳:唉唔听话,爱背曹~你俩(你那么不听话,要按指节重打了是吗)。",1
128,dun3,囤,囤,囤,"囤积,储存:今年春豆收倒俩担,爱~到有好价钱正卖(今年花生收了两担,我要存放到有好价钱才卖) 往摆米铺个好商靠~米来赚钱(旧时米店的奸商靠囤积大米来赚钱)。",1
129,dun4,扽,扽,扽,刺:车衫个下分针~倒我(我车衣服时被衣针刺到了)。,1
130,dun4,蹾,蹾,蹾,"往下撞击:床板拿来~啊欸,看有无干虼(把床板往地上撞击一下,看有没有臭虫)。",1
131,dung1,东,东,东,头顶遮盖:但头那上~等国身被来打(他头上盖着国身被来打稻禾)。,1
132,dung4,栋,栋,栋,竖立置放:床板洗过爱~起放燥欸正好铺转去(床板洗好要竖起来放干了才可铺回去)。,1
133,ê3,欸,儿,欸,儿,1
134,ê3,诶,吤，解,诶,这,1
135,ê3,欸,矣,矣,表示动作完成,1
136,êm1,盦,盦,盦,"捂 (用双手~眼睛), 捧 (双手~花生)",1
137,ên3,摁,摁,摁,"提起:立正要收腹,肚屎唔好~起(立正要收紧腹部,肚子别挺那么起)。",1
138,fa2,划,划,划,"合算:有~(合算) 无~(不合算) 老人家买唔过季个衫裤,折扣大好~(老人家买过季节的衣服,折扣大,很合算)。",1
139,fa4,化,化,化,"世事方面的洞察:但话年九十,脉个事都想~欸(他说年九十,什么事情都想得开了)。",1
140,fag5,泼,泼,泼,"①摇动:转啊到屋家,黄狗就头~尾~(我一回到家里,黄狗就摇头摆尾);②蹬开:但睡目好会~被(他睡觉常把被子蹬开)。",1
141,fas4,范,范,范,例：过范,1
142,fan1,番,番,番,条 (一~被子),1
143,fan1,蕃,蕃,蕃,①外国的:~人(洋人)/~饼(外国产的饼干)/~信(国外寄来的信件);②外国:但阿公解放前到过~去欸(他爷爷解放前到外国去了)。,1
144,fat5,闩,闩,闩,宽 (路好~),1
145,fi1,挥,挥,挥,特指理发:~军装(理战士发型)/~平头(理平头)/~文装(理分头)。,1
146,fud6,核,核,核,(口语)核儿:牛眼~(龙眼核儿)/榄欸~(橄榄核儿)/柚欸~(柚子核儿)。,1
147,fud6trub6,核捩,核捩,核捩,"疙瘩:但分人欺负欸,心肚欸有~(他给人欺负了,心里有了疙瘩)。",1
148,fun2,昏,浑,恽,"沉迷,迷恋:后生做事事业重,唔好紧欸个~妹欸人(青年人事业重要,不要老在那儿迷恋女人)。",1
149,fung1,封,封,封,"①腾出:叔公带孙欸南洋转来,要~出两间屋分佢等人住(叔公带孙儿从南洋回来,要腾出两个房间给他们住);②清空:搬好家,书桌格肚欸个东西~净来(搬好了家,把抽屉里的东西清空它)。",1
150,fung3,壅,壅,壅,倾倒:垃渣拿来~啊垃渣桶去(把垃圾倒进垃圾桶去)。,1
151,gad6,咭,咭,咭,"①夹住:司机快开门,个手分车门~等欸(司机快开门,我的手给车门夹住了);②阻拦:~等对方3分,莫分佢投资(拦住对方3号,别让他投篮)。",1
152,gag5,隔,隔,隔,过滤:榨欸个酒爱~过渣正饮(榨出来的酒要过滤过渣才喝)。,1
153,gam1,监,甘,监,迫使，强制,1
154,gam2,咁,咁,咁,"吞嚥:但食东西好快,一口就~撒一只肉包欸(他吃东西很快,一口就吞下一只肉包子)。",1
155,gam4,监,监,监,"间开:若爱靓红~青(如果要颜色漂亮,红绿两色要间开来)。",1
156,gang1,羹,羹,羹,米糊,1
157,gang3,哽,哽,哽,异物堵在食道:但食鱼欸唔留心分骨头~等欸(他吃鱼不小心给鱼骨卡住了)。,1
158,gang4,径,径,径,"绊:笑欸放好滴,莫~倒人(凳子放好点儿,别绊倒人)。",1
159,gau1,交,高,高,遍:一条街行~都无见倒一个来个老妹欸(整条街走遍了都没看见一起来的妹妹)。,1
160,gau2,陪,陪,陪,"指言语不通的说话:但係闽北来个,大家都听不识佢~兜脉个(他是闽北来的,大家都听不懂他说些什么)。",1
161,gau3,搞,搅,搞,玩耍:莫~到唔记得去学堂下欸(别玩得忘了去上学了)。,1
162,gau3tiam4,搞掂,搞掂,搞掂,搞定,1
163,gau4,教,校,校,"①调快:对唔住,个手提袋同~差欸(对不起,我的手提袋跟你的换错了);②调整:个手表行啊忒快,同~准来(我的手表走得太快了,帮我校准它)。",1
164,gau4fatê3,教化,告化,教化,乞丐,1
165,gê4,吤,介，个,吤,那,1
166,gê4,个,个,个,的,1
167,gê4dong1si2,吤当时,个央时,吤当时,那时候,1
168,gê2,冚,冚,冚,盖:桌上~等两只灰猴(桌上盖着两只咸蛋)。,1
169,gê3,冚,冚,冚,"盖(指印章):张收据请唔好签字,再~只印欸(这张收据请你在上面签字,再盖上印章)。",1
170,gen1,跟,跟,跟,"①过问:个件事唔知办得样般欸,请帮~啊欸(那件事情不知办得怎么样了,请你帮我过问一下);②寻找:个钱包退房时下唔记得拿欸,麻烦宾馆服务员同~啊欸(我的钱包退房时不记得拿了,麻烦宾馆服务员帮我找一找);③跟踪:前背个只人好像係通缉犯,先~等佢来(前面那个人好像是通缉犯,你先跟着他)。",1
171,gê4,冚,冚,冚,"冰凉:个脚滑冷,会~人个(你的脚好冷,冰凉冰凉的) 西瓜放啊冷水里欸~啊欸,正过好食(西瓜放在冷水里凉一凉,才比较好吃)。",1
172,gie2loi4,狗癩,狗癩,狗癩,狗洞,1
173,gi2,佢,渠，(知),佢,他 她,1
174,gi4,髻,髻,髻,发髻,1
175,gia1,家/佢个,gia，[渠家]，厥，[佢家]，[佢个],厥/佢个,他的,1
176,gia1,痂,痂,痂,"手脚因冷极而发麻:几日天好冷,手都冻~欸(这几天天气真冷,手都冷得发麻了)。",1
177,gia1nê1gê4,家媒个,家媒个,家媒个,骂人的话。,1
178,giab5,浃,浃,浃,"苦涩味:今摆买个李欸盲盲,食去好~(这回买的李子没熟,吃起来很苦涩)。",1
179,giad5,剉,剉,剉,阉割:~猪(阉猪)/~鸡(阉鸡)。,1
180,giad5sad5,结煞,结煞,结煞,唔结煞指没办法,1
181,gig5,漁,鱻,漁,"快:就会开车欸,行~滴(就要开车了,走快点儿)。",1
182,gii4,鋸,介,鋸,用刀或锯裁切:~纸(裁纸)/~块玻璃裁开来(这块玻璃帮我裁开来)。,1
183,giam1,兼,兼,兼,"①靠边:有汽车开过来,企~滴(有汽车开过来,靠边点儿);②靠近:集体相,大家坐~滴(集体相,大家坐得靠近点儿)。",1
184,gian1,奸,奸,奸,"①奸猾:但人只~,唔好分佢骗欸(他这个人很奸猾,别给他骗了);②刁钻:但做事情好~,无好处个事就唔肯去做(他做事情很刁钻,没好处的事儿就不肯去做)。",1
185,gian3,拣,拣,拣,挑:买李欸要~好个来买(买李子要挑好的来买)。,1
186,giaul,娇,娇,娇,"娇气:唉大妹欸还~,唔怕人笑话(那么大个姑娘还这么娇气,不怕人笑话)。",1
187,gioh8,挢,挢,挢,搅拌:蒸发粄爱先将粉浆~匀来(蒸发粄要先把粉浆搅拌均匀)。,1
188,giau3,缴,缴,缴,"①供养:自细到大都係阿叔~读书(我从小到大都是叔叔给我学费供我上学);②雇用:但屋家劳动力唔足,农忙个下爱~个人帮工(他家劳动力不足,农忙时候要雇个人帮忙);③交纳:~学费(交学费)/~税(缴纳税金)。",1
189,giau4,噭,叫,噭,哭,1
190,gib6,隐,隐,隐,"管束,约束:但爱大人~等来正肯读书(他要大人管束着才肯读书)。",1
191,gi5,亟,几,亟,"多么:家肚欸有食有藏,过得~舒服(你家里有吃有藏,过得多么舒坦)。",1
192,gi5,激,激,激,"使人生气:细人欸唉唔听话,真係~死人(小孩这么不听话,真是让人生气)。",1
193,gin3,紧,紧,紧,"①无休止地:但~讲都讲唔完(他说个没完没了);②连用时与""愈...愈...""越...越...""同义:但~行~快,等人都趕唔倒佢(他愈走愈快,我们都追不上他了)。",1
194,giog5,鐤,鐤,鐤,锅,1
195,gio5si3man4,狗尿臊,狗尿臊,狗尿臊,与脚同义。,1
196,giug6,侷,侷,侷,"关住,禁锢:鸭欸爱~稳来,莫分佢乱屙屎(鸭子要关好,别让它乱拉屎) 细人欸唔好~得忒死,爱等佢有活动时间(小孩子不要禁锢得太死,要让他有活动时间)。",1
197,giug6,趄,趄,趄,追 (~出去),1
198,giung4,供,供,供,喂养:~猪(喂猪)/~鸡(喂鸡)。,1
199,god1,割,割,割,①买:~豆腐(买豆腐)/~一斤猪肉(买一斤猪肉);②切:但唔知做脉个~脉自尽(不知道他为什么割脉自杀)。,1
200,gog6,硌,硌,硌,碰撞:开个门下唔留心额角分门~倒欸(我开门时一不留神额头给门碰伤了)。,1
201,gog6,摧,摧,摧,敲 (~门),1
202,goi1,该,该,该,容易,1
203,goi3,改,改,改,挖:~番薯(挖红薯)/~番豆(挖花生)。,1
204,gon3,杆,杆,杆,稻草,1
205,gon3,赶,赶,赶,趁 (~他不在),1
206,gong1,扛,扛,扛,①抬:~轿(抬轿)/~棺材(抬棺材);②端:~茶(端茶)/~菜(端菜)。,1
207,gong4,降,降,降,"添加:蒸好个糯米酒爱~滴酒曲去,正放得久欸(蒸好的糯米酒要添点酒曲,才可以放久)。",1
208,gu3,牯,牯,牯,动物的雄性:猪~(公猪)/牛~(公牛)/狗~(公狗)。,1
209,gu3,鼓,鼓,鼓,"用力刺:但秋喃夜去贼古,分贼古~一刀(他昨晚去追小偷,被小偷刺了一刀)。",1
210,gu4,顾,顾,顾,"①瞪大眼睛看:佢眼珠紧~人,好得人畏(他老是瞪大眼睛看人,真令人生畏);②照顾:三姑好~妹家,先后帮两只侄欸读完大学(三姑很照顾娘家,先后资助两个侄儿上完大学)。",1
211,gu2,呱,呱,呱,"大声叫喊:开会等,唔好乱~(这里正在开会,不要大声乱喊)。",1
212,gua3,剉,剉,剉,①划:个衫唔留心分钉欸~烂欸(我的衣服不小心给钉子划破了);②削肉片:~鱼生食好唔卫生(削生鱼片吃很不卫生)。,1
213,guad6,刮,刮,刮,很,1
214,guai3,拐,拐,拐,"①拐骗:带细人欸出街爱留心莫分坏人~走(带小孩儿上街要留神别给坏人拐走了);②哄:个细人欸叫得好惨,好~下佢啊(你的小孩儿哭得那么厉害,好好哄哄他吧)。",1
215,guai3,枴,枴,枴,蛙类,1
216,guang1,桄,桄,桄,"①鼓起:单车打气打唔~,惊怕内胎漏气欸(自行车打气鼓不起来,可能内胎漏气了);②肿胀:个脚趾公咁~,唔知会痛风么(你的脚趾头那么肿,不知道会不会痛风)。",1
217,guang2,咣,咣,咣,"开关门的声响:莫唉大力,间门会分~坏个(别用那么大力,房间的门会被你碰坏的)。",1
218,guang3,梗,梗,梗,"茎,枝:菜~(菜梗儿)/香楻~(制线香的小竹枝)。",1
219,gu46,喖,喖,喖,"喝水声,引申为大口喝:但食药唔怕苦,一大口~啊落去(他吃药不怕苦,一大口喝了下去)。",1
220,gu46,扢,扢,扢,"用手指节打:但分人骨节~欸,头那上起倒只包(他手指节给人打了,头顶起了个包)。",1
221,gu46,啒,啒,啒,"随口乱说,唔知个事就莫乱~(你不知道的事就别乱说)。",1
222,gug5,绹,绹,绹,颗粒饱满，搓得结实，心眼很多,1
223,gug6,淘,淘,淘,"游:但去河肚欸游水,争溺~死欸(他去河里游泳,差点儿给淹死了)。",1
224,gung3,拱,拱,拱,"①慢火煮:鸡肉自然透,等佢~下滴(鸡肉还没熟透,让它再煮一会儿);②天气闷热:几日好~,爱开电扇降温欸(这几天很闷热,要开电风扇降温了)。",1
225,gung4,贡,贡,贡,"翘起:屎朏~起来,阿姆同佢擦屎(屁股翘起来,妈妈给你擦屁股)。",1
226,gung4,喷,喷,喷,置于部分形容词前表示程度加深:~黄(很黄)/~酸(非常酸)/~青个柑欸食唔得(绿的橘子吃不得)。,1
227,gung4,唝,唝,唝,"撞击木板的声响,引申为用力碰撞:有人~门,快去看啊欸(有人撞门,你快去看看) 只细人欸一醒就~床板(这个孩子一醒就使劲蹬床板)。",1
228,guo1,聒,聒,聒,"磨蚀:菜刀用啊~撒欸,爱买一张新个来(菜刀用久磨损了,要买一张新的)。",1
229,guolno1,瘑摸,瘑摸,瘑摸,没好死，绝嗣,1
230,guo3,裹,裹,裹,"包,围:五月节家家户户都~粽欸食(端午节家家户户都包粽子吃) 菜地爱拿竹片围好它,才不会给鸡进去食菜(菜园要用竹片围好,才不会让鸡进去吃菜)。",1
231,guon3,管,管,管,"①管束:莫~好自家个子弟,唔好分佢出外背惹是生非(要管束好自己的子弟,不要让他在外面惹是生非);②过问:做好自家分内个事更要,唔好去~人家个闲事(做好自己分内的事儿更重要,不要去管别人的闲事)。",1
232,guong2,咣,咣,咣,"用拳头打:有只贼古入屋偷东西,分人捉倒~姣好几拳(有个小偷进屋里偷东西,被人抓住揍了好几拳)。",1
233,hang2cang2,行程,行程,行程,张罗,1
234,hê,系,係,係,"系词, 表示""是""",1
235,he4me4,系咩,系咩,系咩,是不是,1
236,hên1,唅,唅,唅,"叫嚷:大家开等会,~脉个(大家正开着会,你嚷什么)。",1
237,hen1,狠,狠,狠,"指气味浓烈刺鼻:阿妹头先濑尿欸,床单尿味异~,拿去洗干净来(小娃娃刚才尿床了,床单尿味很重,拿过去洗干净它)。",1
238,hên2,繩,繩,繩,紧 (绳子绑~一些),1
239,hên3,肯,肯,肯,"(白读)肯:唔~出去新疆,就换人去好欸(你不肯出去新疆,就换个人去好了)。",1
240,hi3piau4,起嫖,起嫖,起嫖,被泼气泡,1
241,hi3m3gung1,蟢公,蟢公,蟢公,"蚯蚓:秋喃夜落欸一场暴雨,地泥底下钻出好多~来(昨晚下了一场暴雨,泥土里钻出很多蚯蚓来)。",1
242,hiau1,枭,枭,枭,"用不正当的方法算计、欺骗别人:做先理要公道,唔好~老人家(做生意要公道,不要欺骗老人家)。",1
243,hiau2,姣,姣,姣,淫荡 (女人淫乱放荡),1
244,hib5,熇,熇,熇,闷热 (天气~),1
245,hin3,兴,兴,兴,"高兴:阿舅美国转来,去机场接啊倒佢,真係~死欸(舅舅从美国回来,我到机场一接到他真是高兴极了)。",1
246,hiug5,畜,畜,畜,"喂养:屋家~欸三条猪,一条狗,十过只鸡欸(我家养了三条猪,一条狗,十多只鸡)。",1
247,hoi1,海,海,海,在(声母变h的情形),1
248,hoi2,豈,豈,鎧,痒,1
249,hong2,行,行,行,"指铺床:今晡夜客人多,爱~多两张床用(今晚客人多,要多铺两张床用)。",1
250,hong4,炕,炕,炕,爬起来,1
251,hong4cong2,炕床,炕床,炕床,"起床:日头唉高欸,好~欸(太阳升这么高了,该起床了)。",1
252,ji4,挤,挤,挤,用手抓别人的胳肢窝使发痒难受:但好惊人家~但个胁下(他很怕人家在他的胳肢窝抓痒)。,1
253,ji4,济,济,济,湿 (墨在纸上散开),1
254,ji4,祭,祭,祭,"用纸或干布吸水:图画纸上倒滴有水,拿燥布~净来(图画纸上面滴了水,用干布吸干它)。",1
255,jian1,尖,櫼,尖,"①挤:大家排好队来,莫~(大家排好队,别挤);②拥挤:国庆个日公园肚欸好~,过几日正去么好(国庆节那天公园里很拥挤,过几天再去好吗?);③打楔子:张凳欸个榫头松欸,你替我打个楔子进去。",1
256,jiam3,鹻,鹻,鹻,(白读)腌:牛肉丸~紫金椒酱十分好食(牛肉丸蘸紫金椒酱非常好吃)。,1
257,jiang1,豇,豇,豇,瘦 (~肉),1
258,jiang4,倩,靓,倩,"漂亮:只细妹欸生得好~,异得人惜(这个小女孩儿长得很漂亮,很讨人喜爱)。",1
259,ji2,积,积,积,淋淋下：向下垂,1
260,ji45,疖,疖，瘌,疖,例：发尿疖,1
261,ji46,唧,唧,唧,用手指戳:个空罐唔知分人~倒一只细眼欸(我的空罐不知道给谁戳了一个小洞)。,1
262,ji46,唶,唶,唶,"①挤出言语:但好少讲话,唉久正~出两句来(他很少说话,那么长时间才挤出两句来);②用言语施压:唉多人~等佢,但正承认係佢偷个钱(那么多人责问他,他才承认是他偷的钱)。",1
263,ji46ji46ti4au2,唧唧条,唧唧跳,唧唧跳,形容叽叽喳喳的状态,1
264,ji46,擳,擳,擳,"用石头掷:但分人拿石头~倒头,头那上起倒一只包(他被人用石头砸了,脑袋上肿起了一个小包)。",1
265,ke2,咳,咳,咳,"用力把喉部异物咳出:分鱼骨头哽等欸,唔~得出来(我给鱼骨哽了,咳不出来)。",1
266,kab6,磕,磕,磕,用双手抬,1
267,kab6,礚,礚,礚,碰撞:洗碗个下留心碗公莫~欸(洗碗的时候要留意别把碗给碰碎了)。,1
268,kad6,嘎,嘎,嘎,"①用力切:条钢线~断来箍木桶(把这根钢丝切断用来箍木桶);②握紧:个裤脚分脚车链~等欸,快滴过来帮下我(我的裤脚给自行车链条夹住了,快过来帮帮我)。",1
269,kag6,格,格,格,①握紧:唉大只鸭脚分佢~爆欸(那么大一个鸭蛋给他捏破了);②握紧:家用个钱都分阿妈~紧等欸(家里的用款都给妈妈紧紧掌握住);③掐紧:发梦颈都分人~等欸(我做梦脖子被人给掐住了)。,1
270,kai1,该,该,该,挑 (~担子),1
271,kai1gal,枷,枷,枷,枷 (旧时囚具),1
272,kai1gal,楷,楷,楷,"给镇镇压住,比喻负担沉重:一家人个食着就靠一只人,真係~啊(一家人的生活就靠我一个人,真是担子沉重啊)。",1
273,kaitan4giog5,该炭脚,该炭脚,该炭脚,指旧时以挑煤炭为生的人。,1
274,kei3,欹,欹,欹,"神气十足:但几年发倒财,见倒人好~(他这几年发了财,见到别人神气十足)。",1
275,kem2kem2ko2ko2,瘕瘕痾痾,瘕瘕痾痾,瘕瘕痾痾,咳嗽不停,1
276,kem3,坎,"坎,埳",坎,"①洼:~好被来,莫冻倒欸(把被子盖好,别着凉了);②压:搬石头唔留心分石头~倒脚(我搬石头不小心给石头压伤了脚)。",1
277,kem4,嵌,嵌,嵌,"冷得发抖:穿得么少,唔怪得会冻去~(你穿得这么少,难怪会冷得发抖)。",1
278,kem4kam4ê2run1,嵌嵌尊,嵌嵌尊,嵌嵌尊,"抖个不停的样子:看去唉少,唔怪得会冻去~(你穿得这么少,难怪会冷得抖个不停)。",1
279,kem4kam4nau3run1,嵌嵌恼,嵌嵌恼,嵌嵌恼,"与""嵌嵌尊""同。",1
280,kau1,交,交,交,"(白读)相互绞缠:电话线同电线绞~等欸,爱将佢俩隔开来(电话线和电源线绞在一起,要把它们俩隔开来)。",1
281,kau1,泶,泶,泶,拌和:洗时荒月等人食苦麦~粥过日(旧时荒月我们吃苦麦菜拌稀粥过日子)。,1
282,kê2,结,结,结,结冰,1
283,kên3,恳,恳,恳,"生气,发怒:结婚个事都唔同阿爸阿爸商量,真係好~(你结婚的事都不跟你爸爸妈妈商量,我真是非常生气)。",1
284,kên1,根,根,根,货币单位的旧称:借五~钱分么(借五块钱给我好吗)。,1
285,kêu1,箍,箍,箍,"箍:只水桶漏水,同~转去(这个水桶漏水,帮我箍好它)。",1
286,ki1,企,"企,徛,跂",企,站 (站得很~),1
287,ki1,奇,奇,奇,naa梅城音:后尾咩又自家蠘蠘个去。,1
288,ki4,去,去,去,双手托举:块石板你~得起么(这块石板你举得起来吗)。,1
289,kia2,掮,掮,掮,使劲刷扫:镬头拿锅铲~净啊来正好炒菜(用竹刷子把锅刷干净才可炒菜)。,1
290,kia4,趼,趼,趼,双脚张开:脚唔好~开,1
291,kia46,欹,欹,欹,"①指人使劲爬滚:只细人欸发性病喺床上乱~(这孩子发脾气在床上乱爬乱滚);②指家禽用爪子扒地:带子母鸡喺草地上乱~,捉虫分细鸡仔食(带小鸡的母鸡在草地上乱扒,捉虫子给小鸡吃)。",1
292,kiad6gang1,癫羹,癫羹,癫羹,"煮米糖:阿伢欸肚饥,快滴~分佢食(婴儿肚子饿了,快煮米糖给他吃)。",1
293,kiam2,钳,钳,钳,"①用钳子夹:河沟肚欸有只死老鼠,夹开它(河沟里有只死老鼠,用钳子把它夹开);②扒:有只马蝇~啊菜碗边,赶走它(有只苍蝇趴在菜碗边,赶走它)。",1
294,kiam4,芡,芡,芡,贯串:腊肠、腊肉~啊竹篙上去晒(腊肠、腊肉串到竹竿上去晒)。,1
295,kiang2,擎,擎,擎,"打 (~伞), 举起",1
296,kiang4,儉,儉,儉,"节省:再过十日阿爸个钱正寄得到,兜钱要~等来用(再过十天爸爸的钱才能寄到,这些钱要省着点用)。",1
297,kiau2,桥,桥,桥,"①指小孩儿最妙吵闹:细人欸爱听话,唔好~人(小孩儿要听话,不要吵闹人);②非分索要:佢搭三辆摩托车去灵光寺,分司机~二十多块钱(他搭三辆摩托车去灵光寺,被司机多要了二十多块钱)。",1
298,kib6,极,极,极,"禁錮:放暑假欸,但分阿爸~啊屋家,哪都唔给去(放暑假了,他被父亲禁锢在家里,哪儿都不让去)。",1
299,kib6,圾,圾,圾,"勤奋:只娃好多同学读书都异~,全级学习成绩评第一(这个班很多同学读书都很勤奋,全年级学习成绩评第一)。",1
300,kin1,鵁,鵁,鵁,禽类的雄鸡:鸡~(公鸡)/鸭~(公鸭)/鹅~(公鹅)。,1
301,ko2,呵,呵；苛,呵,"呵斥:又无得罪,~做脉个(你又没得罪我,你呵斥我干吗)。",1
302,koi4,劌,劌,劌,累；体力用尽,1
303,koi4ngiab6ngiab6,劌擩擩,劌擩擩,劌擩擩,"累极的样子:看~欸,今晩夜早滴去睡目好欸(看你累成那个样子,今晚早点儿去睡觉好了)。",1
304,kon4sen4,看啊盛,看啊刭,看啊刭,看一下,1
305,kong1kau4,蠔靠,蠔靠,蠔靠,蚌的意思,1
306,kong4,闷,闷,闷,"①支起,降起:棉被被莫~起,会冻倒个(棉被别被撩起那么起,会着凉的);②躺:做啊死,~下来(干得累死了,躺一躺吧)。",1
307,kong4,炕,炕,炕,"烤:个衫湿了,脱下来~燥(你的衣服湿了,脱下来烤干它)。",1
308,kul,箍,箍,箍,"固守:但高中毕业唔想捱~啊山谷肚欸,就去深圳打工去欸(他高中毕了业不想困守在山沟里,就到深圳打工去了)。",1
309,kul,骷,骷,骷,"猛冲猛闯:放学转来打啊屋门口过,一条黄狗~啊出来,吓我一跳(放学回家从家门口过,一条黄狗猛冲出来,吓了我一跳)。",1
310,kua5,誇,誇,誇,"责骂:打壞一只大花瓶,分阿爸~了一顿(我打破了一个大花瓶,被爸爸大骂了一顿)。",1
311,kuan4,擐,擐,擐,背:但一早就~等书包去学堂下(他一早就背着书包上学去)。,1
312,kung3,孔,孔,孔,窿 (一~橘子),1
313,lê2,逻,逻,逻,"看望,探视",1
314,lê2kia2,螺蛸,螺蛸,螺蛸,"客家话""蜘蛛""叫""螺"",蜘蛛丝不能走。""丝""""私""谐音,运用时指一心谋私利的人。",1
315,lê3lo3fan1,剌剌翻,剌剌翻,剌剌翻,翻转、首尾倒置的状态,1
316,lê4,捩,捩,捩,"捞,捞取:个井桶跌落井肚欸去,请你帮我捞起来(我的井桶掉到井里了,请你帮我捞起来)。",1
317,lê4,裂,裂,裂,裂纹，缝隙,1
318,lab5,擸,擸,擸,摞 (把碗~起来),1
319,lab6,邋,邋,邋,"肮脏:件衫着去唉~,早就好脱下来洗欸(你这件衣服穿得这么脏,早就该脱下来洗了)。",1
320,la1,啦,啦,啦,讨取:但常去邻家屋家~食(他经常到邻居家打秋风)。,1
321,lab6dab6,邋遢,邋遢,邋遢,肮脏,1
322,lab6gab5,腊箄,腊箄,腊箄,竹板,1
323,lad5,剌,剌，辣,剌,炎热,1
324,lad5,瘌,瘌,瘌,癣:前几日跌烂个膝头皮衣今下结~欸(前几天跌破的膝盖表皮这会儿结痂了)。,1
325,lad6,擸,擸,擸,"随便打扫一下:今朝晨厅下肚欸~过欸,就唔使再扫欸(今天早上客厅里已经扫过了,你就不用再扫了)。",1
326,lag5,沥,沥,沥,水沟:圳~(水渠)/沟~(水沟)/河~(小河)。,1
327,lag5hang1,坜坑,坜坑,坜坑,水沟,1
328,lag6,坜,坜,坜,畦 (一~菜地),1
329,lai1,拉,拉,拉,(口语)拉:张书桌同~过滴来(这张书桌帮我拉过来一点儿)。,1
330,lai2,犁,犁，羸，邌,羸,"①低垂:但头~欸,情绪好低(他垂头丧气,情绪非常低落);②疲乏:一连做欸六个点钟,做去都~欸(我一连干了六个小时,干得疲惫无力了);③差劲:但病退上学学习成绩好~(他病愈后上学学习成绩很差) 但个毛笔字写得十分~(他的毛笔字写得很差)。",1
331,lai2,濑,濑,濑,"大小便失禁:只细妹欸四五岁欸,还会~尿(这个小女孩四五岁了,还会尿床)。",1
332,lai2ngiu4,濑尿,濑尿,濑尿,遗尿,1
333,lai2tê2guai3,犁头拐,犁头拐,犁头拐,"头部尖长,背部有黄色斑纹的一种青蛙。",1
334,lai3,睐,睐,睐,"短暂地看:~倒个女朋友,生得几靓(我瞟了你的女朋友一眼,长得不错啊) 去下就来,同~等下个细人欸(我走开一会儿,你替我照看一下我的小孩儿)。",1
335,lai4,赖,赖,赖,儿子,1
336,lam1,揽,揽,揽,"按天时咳嗽欸,还~等棉枕欸做脉个(天气这么暖和了,还抱着棉枕干吗)。",1
337,lam4,榄,榄,榄,"捆扎:将呢欸枝~好来,等下啊圩上去卖(把这些干树枝捆扎好,一会儿挑到集市上去卖)。",1
338,lang2,廊,廊,廊,(口语)阴干:洗过个衫裤擎啊阳台上去~燥(洗过的衣服抬到阳台上去阴干它)。,1
339,lang2dab6,唥哒,唥哒,唥哒,"零食:细人欸唔好食多~,会食坏肠胃个(小孩儿不要吃那么多零食,会吃坏肠胃的)。",1
340,lang3,呤,呤,呤,"大口地吃:但两日无食饭,见倒饭就菜就~(他两天没吃饭了,一看见饭菜就大口大口地吃)。",1
341,lau1,摎,摎,摎,掺 (酒里~水),1
342,lau1,樔,樔,樔,灰烬:树叶蚊蚁烧来倒个~好做肥料(树叶扫来烧成的灰可做肥料)。,1
343,lau4,嘮,嘮,嘮,"件羊毛衫织啊欸~欸,爱换细竹枝来重织(这件羊毛衫织得太松了,要换小竹枝来重织)。",1
344,lê2,咧,咧,咧,伸(指舌头):舌嫲~出来分啊睇看有湿气么(舌头伸出来给我看看有没有湿气)。,1
345,lê3,笠,笠,笠,乘人不备时窃点小财物:个只细人欸将果摊上个李欸~走两只(那个小孩儿把水果摊上的李子偷走了两只)。,1
346,lê4,勒,勒,勒,"拖:只西瓜十过斤,~得起么(这个西瓜十多斤,你拖得动吗)。",1
347,lê4,棱,棱,棱,"从水中捞:塘肚欸有虾公翻王,快去拿捲来~虾公(鱼塘里有虾群浮游,快去拿小渔网来捞虾)。",1
348,lê4,膢,膢,膢,挫伤导致的肿块,1
349,lia5ngu2ci3,擽牙齿,擽牙齿,擽牙齿,粘牙,1
350,liag6,叻,叻，叻,叻,聪明,1
351,liam3,敛,敛,敛,霉 (一~西瓜),1
352,liam3,潋,潋,潋,水干:镬头肚欸个猪肉焖~欸水就铲起来(锅里的猪肉焖干了水就铲起来)。,1
353,liang4,靓,靓,靓,美 (这个姑娘长得~),1
354,liau1,撩,撩,撩,"①免除:但个村长分村民~欸欸(他的村长职位给村民免掉了);②剔除:牙齿唔好,食东西爱~牙(我牙齿不好,吃东西要剔牙);③挑挖:~滴清凉油涂分腰眼角(挑点清凉油涂在太阳穴)。",1
355,liau4,料,料,料,"①逗弄:阿爸欸心情唔好,莫去~但发火(爸爸最近心情不好,别去惹他发火);②闲聊:欢迎得闲来屋家~啊欸(欢迎有空来我家里聊聊);③休息:一连辛苦做欸几日,周末就好好~啊欸(一连辛苦干了好几天,周末就好好休息休息)。",1
356,lio5,扐,扐,扐,"用拳头击打:但同人家打交姣,分人拳头~伤欸(他跟人打架,被人用拳头击伤了)。",1
357,lien3,裢,裢,裢,"用手缝:件衫个衫脚脱线欸,同我~好来(我那件衣服的下摆脱线了,帮我缝好它)。",1
358,lien4,练,练,练,吐,1
359,lieu2,撩,撩,撩,卷舌头将食物吐出:食鱼欸要留心将细骨~出来(吃鱼要留意把小鱼骨吐出来)。,1
360,lien4,链,链,链,踩踏:汝被分细人欸~啊唔用得(这床棉被被小孩儿踩踏得不能用了) 做泥砖用个泥爱分牛~过来正韧(制泥砖用的泥要给牛踩踏过才有韧性)。,1
361,lim2,淋,淋,淋,浇:~菜(浇菜)/~花(浇花)/~肥(施肥)。,1
362,lin2,遴,遴,遴,轮流:晨朝日~倒值日(明天轮到我值日)。,1
363,lin3,廪,廪,廪,与棍同。,1
364,ling1,拎,拎,拎,用手指捻:只蚂蚁~死来(把这只蚂蚁捻死)。,1
365,ling1,囹,囹,囹,房屋:~下(屋里)/~门(房门)/~里(屋里)。,1
366,ling3,领,领,领,带:~路(带路)/~队(带队)/~头(带头)。,1
367,ling4,令,令,令,"使,让:~人欢喜(让人高兴)/~人失望(让人失望)。",1
368,liu1,溜,溜,溜,滑行:但两下就唔知~啊哪去欸(他一忽儿就不知道溜到哪儿去了)。,1
369,liu1liu1long4cong4,溜溜撞撞,溜溜撞撞,溜溜撞撞,乱冲乱跑,1
370,liu4,溜,溜,溜,引逗:个只坏鬼又梅个欸~人去赌钱(那个坏蛋又在那儿引逗别人去赌钱)。,1
371,lo45,烙,烙,烙,"用勺子刮:饭烧欸,饭~净来正洗饭煲(饭烧焦了,把锅巴刮干净了才洗电饭锅)。",1
372,lo45,咯,咯,咯,"①吮吸:唉大奶还~乳哺,羞死人了(这么大了还吃奶,羞死人了);②啃:把猪骨头留分狗~好欸(这些猪骨头留给狗啃好了)。",1
373,lo45nê1只人4,落浪,落凝,落凝,结冰,1
374,long2,狼,狼,狼,"①凶狠:但打人好~,连肩骨都分佢打断欸(他打人很狠,肋骨都给打断了);②狠毒:只惯偷好~,唔单破门抢劫,还拿刀杀人(这个惯偷真狠毒,不单破门抢劫,还持刀杀人)。",1
375,lui1,擂,擂,擂,碾草:晴天下天光一光就上山去割~(我在晴天一早就上山去割碾草)。,1
376,lu2,撸,撸,撸,搂 (~柴火),1
377,lu2lu2lê4lê4,撸撸勃勃,撸撸勃勃,撸撸勃勃,形容双手抱得很多:但~揽等一大堆东西(他左抱右抱了一大堆东西)。,1
378,lu2su3lo3d5giog5,撸手捋脚,撸手捋脚,撸手捋脚,"挽袖子卷裤腿,喻马上动手:但食啊昼饭就~落田肚做事去欸(他一吃过午饭就挽起衣袖裤腿下地干活去了)。",1
379,lud6,跋,跋,跋,破皮成伤,1
380,lug6,擉,擉,擉,在液体中搅拌,1
381,lug6,櫓,櫓,櫓,烫 (被开水~了),1
382,lui2,雷,雷,雷,"莽撞:做事爱有分寸,唔好咁~(做事要掌握分寸,不可这么莽撞)。",1
383,lui3gung1,雷公,雷公,雷公,捕捉鱼虾时盛放小鱼虾的用具。,1
384,lui4,累,累,累,"粘附:但跌跤~欸,倒满身个泥(他摔了一跤,粘了满身的泥) 煎煎圆欸~滴麻香过好食(煎糯米团子粘点芝麻比较香)。",1
385,lun1,抡,抡,抡,机器:担米啊轮米厂去~一下(你把这担米挑到碾米厂去碾一碾)。,1
386,lun2tien2,埌田,埌田,埌田,不省,1
387,ma45,抹,抹,抹,"果树结的果子因污染长成怪模样:柚欸树旧年堆过水泥,今年个柚欸~欸(柚子树下面去年堆过水泥,今年的柚子全部长得怪怪的)。",1
388,ma45,吗,吗,吗,"解 (馒头~成两半), 剥 (~橘子)",1
389,ma45nag6fung1,麦麦风,麦麦风,麦麦风,愕然,1
390,man1,满 (姨子-姑),晚 (姨子-姑),晚 (姨子-姑),么,1
391,man3ngin2,瞒人,瞒人,瞒人,谁,1
392,man4,鳗,鳗,鳗,休垢,1
393,mau2,有,有,有,没 (~时间),1
394,mê1,媄,媄，姆，母，妈，媄，嬭,媄,母亲,1
395,mê1,姆,姆,姆,"称呼父辈的配偶,常前加其夫名字或排行次序:东~(东婶)/三伯~(三伯母)。",1
396,mê4,咩,[唔系]，吗，也,咩,于是；这不；不是,1
397,mê4,袂,袂,袂,"(口语)肮脏:张书桌好~欸,爱抹净来(这张书桌很脏了,要把它擦干净)。",1
398,mên3,懑,懑,懑,例如：懑哀人,1
399,mên3,面,面,面,"想,考虑:唔倒係你一届个同学欸(我想不起来你是哪一届的同学了) 合本欸做先理个事~欸好久,还係暂时唔好做欸(合伙做生意的事我考虑了很久,还是暂时不要做了)。",1
400,mi2zo5pê4,糜桌帕,糜桌帕,糜桌帕,"抹桌布:~用秽欸,爱洗净来(抹布用脏了,要把它洗干净)。",1
401,mi4sui3,米水,米水,米水,泔水,1
402,miên2,绵,绵,绵,烂 (肉煮得太~了),1
403,mix2lan1soi4koi4,眠懒睡擩,眠懒睡擩,眠懒睡擩,"越睡越懒,越睡越累:~句话无差,眠欸两日,脉个都唔想动欸(越睡越懒这话没错,我睡了两天,什么都不想动了)。",1
404,mo2pu3cag5,无谱尺,无谱尺,无谱尺,与无谱同。,1
405,mud5,殁,殁,殁,腐朽，腐烂,1
406,mu5oeb5ceeb5,目漉漉,目漉漉,目漉漉,噙着眼泪的样子,1
407,n2deningin2,你等人,汝丁人,你等人,你们,1
408,n2ê2ulngin2,你兜人,你兜人,你兜人,你们:~去过庐山旅游么(你们到过庐山旅游吗)。,1
409,n2ê2ulngin2,你兜人,你兜人,你兜人,与等人同。,1
410,nad1,捺,捺,捺,"①滚烫:马路上晒去滚汤,赤脚行路唔~死欸(马路上晒得滚烫,赤脚走路烫死了);②油煎:马蹄糕切片用油煎~过来过好食(荸荠糕切片用油煎一下才比较好吃);③讽刺:对人爱诚恳,唔好冷言冷语~人(待人要诚恳,不要冷言冷语讽刺人)。",1
411,nag5,搦,搦,搦,"扭伤:去撇大柜,一下唔留心~倒腰(我去搬大衣柜,一不留神扭伤了腰)。",1
412,nag6,搦,搦,搦,"使力捏:唔好用大力,莫同个细皮球~爆欸(不要用这么大的力气,别把我的小皮球捏破了)。",1
413,nai4s4ê3,奈欸,哪儿，哪欸,奈欸,哪儿,1
414,nang4,擃,擃,擃,"踩踏:唔留心~倒个脚,对唔住(我不小心踩了你的脚,对不起)。",1
415,nau4,闹,闹,闹,闹别扭；侵慢,1
416,nê1ê5,呐,呐,呐,"肥胖:条猪欸养啊好~欸,差唔多可以卖了(这条猪养得很肥了,差不多可以卖了) 但一身咬~,行起路来都好辛苦(他全身胖成这样,走起路来都很辛苦)。",1
417,nê45,捏,捏,捏,用拇指和食指搓或捻:件事要个紧事~等耳公记起来(这件重要的事你要捏着耳朵把它记牢) 快滴将豆角~断来好落镬(快点儿把豆角掐成小段以便下锅)。,1
418,nê45,籋,籋,籋,用镊子夹:但上山倒蝨欸~拖倒欸(他上山砍柴被树刺夹到了)。,1
419,nê45,浛,浛,浛,①烂:牛筋腩爱~来正好食(牛筋腩要煮烂了才好吃);②软:番薯煮得~个过好食(红薯煮得软乎乎的比较好吃)。,1
420,nê45,跈,跈,跈,"动作慢:但做脉个事都异~,行路常时打尾(他做什么事都很慢,走路常常落在最后头)。",1
421,nê45,奶,奶,奶,(保留古读)奶:牛~(牛奶)/羊~(羊奶) 阿奶每日爱食好多到~(婴儿每天要喝好几次奶)。,1
422,nê45,妳,妳,妳,"我, 第一人称: 吾, 余, 予, 我",1
423,nga1,牙,牙,牙,我的,1
424,nga2sen1sen1,牙狌狌,牙狌狌,牙狌狌,龇牙咧嘴；凶狠的表情,1
425,nga4,讶,讶,讶,"①妨碍:唉得闲,也莫唉欸~等人家做事(你这么悠闲,也别在这儿碍着别人做事);②占用:有地方住欸,还~等只间做脉个(你有地方住了,还占着这个房间干吗)。",1
426,ngad5,啮,啮,啮,"叮，咬 (用嘴~住绳子), 紧夹,紧咬",1
427,ngai2,涯,涯,涯,我,1
428,ngai2deningin2,涯等人,涯丁人,涯等人,我们,1
429,ngai2ê2ulngin2,涯兜人,涯兜人,涯兜人,我们,1
430,ngai4,捱,捱,捱,"指危重病人拖延死亡时间:但病去唉辛苦,~唔倒几日欸(他病得这么辛苦,熬不了几天了)。",1
431,ngam1,啱,啱,啱,"对,合适",1
432,ngam3,颔,颔,颔,点 (~头),1
433,ngam3dam3,颔胆,颔胆,颔胆,冒昧,1
434,ngan1,安,安,安,"瘦小:但生得好~,十二三岁还唔到一米三高(他长得很瘦小,十二三岁了还不到一米三高)。",1
435,ngau2,齩,齩,齩,"咬:但中风好几天欸,嘴都有滴~欸(他中风好几天了,嘴巴都有点歪了)。",1
436,ngau4,傲,傲,傲,"扭动:~转头来,看一下係嘛人来(扭过头来,看看是谁来了)。",1
437,ngi2,你,汝，尔,你,你,1
438,ngi4ia1,惹/你个,尔,惹/你个,你的,1
439,ngi42,掜,掜,掜,"双手托举:副杠铃唉重,~得起么(这副杠铃那么重,你举得起来吗)。",1
440,ngi4,艺,艺,艺,竖立个毛头毛分大风吹啊~起来欸(你的头发给大风吹得竖起来了)。,1
441,ngiab5,聂,聂,聂,凹陷,1
442,ngiab5,摄,摄,摄,"①挑起:~起衫袖裤脚来落田莳田(把衣袖裤脚挽起来下田插秧);②忍住:尿出等欸快扶阿同去,唔好~紧(有尿意就赶快扶奶奶去,别憋着);③积攒:阿婆平时好会~钱,私己钱好多(奶奶平时很会攒钱,私房钱很多)。",1
443,ngiam2,严,严,严,"味道浓:~茶唔好食得多,会伤脾胃个(浓茶不宜喝得太多,会伤脾胃的)。",1
444,ngiam3,捻,捻,捻,(口语)用手指捻:只虫蚁捉来~死知(把这只小虫子捉来捻死)。,1
445,ngian3,撵,撵,撵,"①搬:个电筒~不着欸(我的手电筒不亮了);②折:个膝头跌烂欸,~滴消炎药膏搽一下(你的膝盖跌破了,挤点消炎药膏擦一擦)。",1
446,ngiong3,仰,仰,仰,"抖动:唔稳稳~去奈都係尘(你走路不稳,抖得到处都是灰尘)。",1
447,ngi4ong4ê3,酿欸,样欸,酿欸,怎么，怎样,1
448,ngiung2,浓,浓,浓,浓密:屋背岭上个树林生得好~(我家后山的树林长得很浓密)。,1
449,ngoi3,暧,暧,暧,"想方设法索要:但好会用钱,贴常~阿爸阿爸要钱用(他很会花钱,常常想办法向爸爸妈妈要钱)。",1
450,ngong4,戆,戆,戆,傻,1
451,ni4dug5,腻古,腻古,腻古,帝:条丝瓜个~好长(这条丝瓜的蒂很长)。,1
452,nie45,捏,捏,捏,掐 (用食指、拇指的指甲~他的脸蛋),1
453,no2,挼,挼,挼,揉搓,1
454,nong2,攘,攘,攘,"拖累:行开啊去,莫~等人家做事(你离远点儿,别拖累别人干活)。",1
455,nong4,浪,浪,浪,"(口语)①浪费:唉多饭倒啊去,真係~(你把这么多米饭都倒了,真是浪费);②可惜:摆去丽江旅游唔上到玉龙雪山,真係~(这次去丽江旅游没登上玉龙雪山,真可惜);③白费:大教对唉无良心,真係~大食(你对他这么好,他却这么没良心,真是白养了他)。",1
456,nu3,努,努,努,噘 (~嘴),1
457,nug6,肭,肭,肭,"①颤抖:担炮仗一放吓去佢~一下(鞭炮一响吓得他抖了一下);②忽然想到:个只人面好熟,行开欸正~倒佢係中学个同学(那个人面很熟,走开了才忽然想起他是我中学的同学)。",1
458,nug6,蠕,蠕,蠕,蠕动，抖动,1
459,nung3,挵,挵,挵,螺丝爱撙紧来。,1
460,nung3nung3,佇佇,佇佇,佇佇,径直；悄悄地,1
461,o1,屙,屙,屙,"①排泄:~尿(撒尿)/~屎(拉屎);②引申为随口乱说,信口开河:唔知个事唔好乱~(不知道的事不要随口乱说) 头先同唉多人~兜脉个(你刚才跟那么多人信口开河说些什么)。",1
462,o1lo2sab6mui4,屙罗莎碎,屙罗莎碎,屙罗莎碎,"倒地粉碎:前日地震,百过个老屋震去~(前天地震,一百多年的老房子震得粉碎)。",1
463,o1ngê23,阿伢欸,阿伢欸,阿伢欸,婴儿，阿伢欸大爱嬲分佢食(婴儿大了要煮米糊给他吃)。,1
464,o1pi4lên1,阿鼻泞,阿鼻泞,阿鼻泞,"腹泻时粪便带鼻涕的黏液:~啊撇两日,爱到医院去看看(你拉稀拉了两天,要到医院去看看)。",1
465,o5,澳,澳,澳,"①遏止:田肚个水溢出来,拿个田头堵欸~等来(田里的水溢出来了,用锄头把田埂堵住它);②拉网捕鱼:今朝晨门口塘~鱼欸(今天早上门口鱼塘拉网捕鱼)。",1
466,o6,扒,扒；耙,扒,掏 (~耳朵),1
467,pad2,拔,拔,拔,"扇动:天呀热,但常时~扇欸(天气这么热,他常常扇扇子) 拿扇欸~走蚊欸(用扇子把蚊子赶走才好睡觉)。",1
468,pan1,潘,拌,潘,"用力摔:但两公婆吵交姣,~撒家里不少东西(他们夫妇俩吵架,摔碎了家里不少东西)。",1
469,pan4,襻,襻,襻,扣绳的动作；或者扣绳中扣住的部分,1
470,pang2,棚,棚,棚,"阁楼:客家老屋多数係平房,爱凭梯上~(客家旧时民居多是平房,要靠木梯上阁楼) 床眠床用唔倒,放啊~上去(这张床用不上,放到阁楼上去)。",1
471,pang2pu2la45,彭蜞,彭蜞,彭蜞,"身上有横条纹的小斗鱼,还细虾中息着~相打(我小时候很喜欢看小斗鱼决斗)。",1
472,pang4,汸,汸,汸,"不饱满,不踏实",1
473,pê45,撇,撇,撇,了 (吃~两碗饭),1
474,pilfu2,被襆,被襆,被襆,床被,1
475,pi4,鼻,鼻,鼻,"鼻涕:只细人欸常时流~,爱同佢拭净来(这孩子常常流鼻涕,你要替他擦干净)。",1
476,pi45ho2ê3,别何欸,别何欸,别何欸,别处,1
477,pi4n4,便,便,便,放在动词后头表示备办:买~几张红纸过年好写对联(我买了好几张红纸准备过年写对联)。,1
478,pi4n4pi4n4ta5tad5,便便挞挞,便便挞挞,便便挞挞,"形容到处行骗:但~惯欸,但讲个话绝对唔信得(他到处行骗惯了,他说的话绝对不可信)。",1
479,pin1,编,编,编,(口语)编扎:但还细好中意~毛辫(她小时候很喜欢扎辫子)。,1
480,po1,粕,粕,粕,"一蔸啰。量词,相当于普通话的""窝"":组皮箱底下有一~老鼠欸(皮箱里面有一窝小老鼠)。",1
481,poi4,吠,吠,吠,"(白读)狗叫:见倒有生人过来,屋家个狗唔停~(看见有陌生人走过来,我家的狗不停地吠)。",1
482,pong1,搒,搒,搒,"用力重击:秋喃日屋家,大门~都无人出来开门(昨天我去你家,用力拍了大门多次都没人出来开门)。",1
483,pong2,膀,膀,膀,皮肤上鼓起的肿包:脚上分虫蚊啮倒一只大~(我脚上给虫子咬起了一个大包)。,1
484,pong4,湓,湓,湓,"因沸腾而溢出:灶火忒大,煲个粥~撒欸(炉火太大,煮的稀饭溢出来了)。",1
485,pul,扶,扶,扶,(口语)保留古读:搀扶:~等阿婆上楼梯(我扶着奶奶上楼梯)。,1
486,pu2,苻,苻,苻,"道士画的驱鬼图形:写个符同个鬼画~一样,无人识得(你写的字潦草得不成样子,没人看得懂)。",1
487,pu3,噗,噗,噗,看不清楚:两年日睐越来越~欸(我这两年眼睛越来越看不清了)。,1
488,pu3,腐,腐,腐,"变质发霉出现的怪味:罐豆酱密封唔好,变~欸(这罐豆瓣酱密封得不好,有霉味了)。",1
489,pu4,孵,孵,孵,孵 (~小鸡儿),1
490,pug5,覆,覆，葍,覆,"解(~古读)①反转:掉头洗净欸~转来放好(大钵洗净后反转来放好);②丢失:但同老板斗气,饭碗~欸撒(他跟老板闹意见,工作丢掉了)。",1
491,pug6,伏,伏,伏,趴 (~在桌上),1
492,pun1,喷,喷，贲，笨,喷,"厚:件衫好~,入秋好拿出来着(这件衣服很厚,入秋了可以拿出来穿)。",1
493,pun1,湓,湓,湓,"满溢:秋喃夜落欸大暴雨,鱼塘都~欸撒(昨晚下了大暴雨,鱼塘里的水都满溢出来了)。",1
494,pun2,盆,盆,盆,用嘴吹凉或者吹灭的动作。,1
495,pun2,歕,歕,歕,吹气:拿火筒将炉火~着来(用吹火筒把炉火吹着) 油灯~乌知好睡目(把油灯吹灭了好睡觉)。,1
496,qiag5,趞,趞,趞,跑 (~过去),1
497,qiam1,签,签,签,"用刀猛刺:~猪(杀猪)/但同人家相打,分人刀欸~伤欸(他跟别人打架,被人用刀刺伤了)。",1
498,qiau1,缲,缲,缲,"藏着针脚的手缝:我将~扣绊(我会缝布扣绊) 裤脚还无~好,明日来取(裤脚还没缝好,明天来取)。",1
499,qiau4,俏,俏,俏,"嚼:食东西爱~烂来,唔好囫囵吞(吃东西要嚼烂,不要囫囵吞)。",1
500,qiên4,贱,贱,贱,"下贱:但常时乱拿人家个东西,还~啊欸(他常常乱拿别人的东西,真是下贱)。",1
501,qin2gau1ê3,寻交欸,寻高,寻交欸,找遍；寻遍,1
502,qion1,跧,跧,跧,"(白读)吮吸:有人中意~手指,好唔卫生(有人喜欢吮吸指头,很不卫生的)。",1
503,qiu1pê51a,秋撇,秋撇,秋撇,完；整体；聚集,1
504,qiug5,剉,剉,剉,"(白读)用利器刺:但同人家相打,分人刀欸~伤欸(他跟别人打架,被人用刀刺伤了)。",1
505,sab6,撒,撒,撒,"拳打:但同人家吵交姣,分人~伤欸(他跟人家吵架,被人用拳头打了)。",1
506,sab6,杀,杀,杀,用水煮:今朝晨~番薯食(今天早上煮红薯吃)。,1
507,sab6,煞,煞,煞,亏损:带石村先理~撇两千过块(我这趟石材生意亏损了两千多元)。,1
508,sai4,析,析,析,"①片:地泥上个瓦~捡净来(把地面上的瓦片捡干净);②半:只西瓜对~破开来,一半分你(把这个西瓜对半破开,一半给你)。",1
509,sai4,簁,簁,簁,"斟,倒:客人入席,~茶给客人饮(客人到齐了,先给大家倒茶)。",1
510,sai2,豺,豺,豺,"指长时间没吃肉出现的嘴馋:好久无食肉,肚欸~死欸(我很久没吃肉了,馋得难受极了)。",1
511,sai4cag5,晒拆,晒拆,晒拆,晒出裂缝,1
512,sam3,倍,倍,倍,"漂亮,美丽:等身裙衫搭得真係~(你穿着这套连衣裙真的好漂亮)。",1
513,sang3,洛,洛,洛,用力擦洗：洛净,1
514,sang4,颯,颯,颯,"显威风:两年发倒欸,也唔好喺人家面前唉~(你这两年发达了,也不可在别人面前显威风)。",1
515,sang4gung1,颯公,颯公,颯公,巫工,1
516,sau2,缲,缲,缲,放在沸水中煮熟捞起:鲩丸边做边落镬头肚欸~熟来(鲮鱼丸一边做一边放进锅里煮熟捞起来)。,1
517,seu2,唇,唇,唇,边:河~(河边)/田~(田边)/塘~(池塘边)/小溪~(小河边)。,1
518,seu2,巡,巡,巡,"听,听话:听唉个好,唔会奈你何(我儿子很听话,不会到处乱走) 条水牛过~,唔像个唉蛮(你这头水牛比较听话,不像我的那么难驾驭)。",1
519,seu2,驯,驯,驯,温顺,1
520,seu2,循,循,循,一双,1
521,seu2,瞚,瞚,瞚,眨眼,1
522,seu2,蟀,蟀,蟀,跟 (把他~倒),1
523,seu2,率,率,率,①堆沤:凭豆苗用屎尿肚欸去~类(这些蚕豆苗要丢进粪坑里去沤肥);②腌制:买转个粗盐拿来~咸菜(买回来的粗盐用来腌咸菜)。,1
524,seu2,繐,繐,繐,系 (~鞋带),1
525,seu2,穗,穗,穗,"麻疯病人:电视上看倒麻风村有只~,手指都无撒欸,好得人惊(电视上看见麻风村有个麻风病人,手指都没有了,很可怕)。",1
526,seu2tan4ê2run1,怵怵尊,怵怵尊,怵怵尊,"抖个不停:但出差遇着地震,吓去~(他出差遇上地震,吓得不停地发抖)。",1
527,seu2tan4tan4nau3run1,怵怵恼,怵怵恼,怵怵恼,与怵怵尊同。,1
528,tên2,藤,藤，籐,藤,跟 (~着他),1
529,tên3,趸,趸,趸,(口语)用力蹬:但睡着常时~被(他睡着了老是用力蹬腿)。,1
530,tên4,邓,邓,邓,"衬托,映衬:无好衫~丑人(穿上难看的衣服人都给衬托丑了)。",1
531,tên4su3,扽手,扽手，抖手,扽手,帮忙，协助,1
532,tên2u2,头陁,头陁,头陁,头部,1
533,tên3hi4,透气,透气,透气,呼吸,1
534,tên4,炖,炖,炖,"(白读)用毒药毒杀:买转来个老鼠药会~死人个,爱保管好来(买回来的老鼠药会毒死人的,要把它保管好)。",1
535,ti46,趯,趯,趯,用刀劈:但分人用刀劈~伤欸(他被人用刀劈伤了)。,1
536,tiam1mong4,添忘,添忘,添忘,忘记,1
537,tiau2,条,条,条,词缀，标记处于某种状态,1
538,tiau4,掉,掉,掉,遗失:个手机唔知掉啊坐个的士去欸(我的手机不知道是不是掉在刚才坐的出租车里了)。,1
539,tiaud4tiaud4ta5tad5,跳跳挞挞,跳跳挞挞,跳跳挞挞,"招摇撞骗:但奈欸都去~,食攞人家好多钱(他到处都去招摇撞骗,骗了人家不少钱)。",1
540,ti45,武,武,武,太:件衫~长(这件衣服太长) 种色~红(这种颜色太红) 排队买票个人~尖(排队买票的人太拥挤) 煮个饭~硬(你煮的饭太硬)。,1
541,tin4,定,定,定,预订:~火车票(订火车票)/~客房(订客房)。,1
542,tog4,择,择,择,(保留古读)挑选:买转个青菜~过来正拿去洗(买回来的青菜挑选过了才拿去洗)。,1
543,tog4,箨,箨,箨,"墙上抹灰使光滑:几板墙先~平来,再欸两欸就好啦(这几面墙先抹平,再刷两遍就好了)。",1
544,tud6,堗,堗,堗,下陷,1
545,tui4,唾,唾,唾,吐:病街上乱~口澜唔好卫生个(你在街上乱吐唾沫很不卫生的)。,1
546,tun2,屯,屯，囤,屯,填:大门口个只水坑拿泥沙~平来(大门口那个水坑用泥沙把它填平)。,1
547,tun2,团,团,团,猪令子,1
548,vad6,滑,滑,滑,"非常:几日寒冻到欸,手脚都冻去~冷(这几天寒流到了,手脚都冻得冰凉)。",1
549,vag1,划,划,划,"用杆子撩取:纸鹞放啊树欸顶上去,去拿竹篙~落来(风筝挂在树梢上了,你去拿竹竿把它撩下来)。",1
550,vai2,哇,哇,哇,"大声叫喊: 有脉个事坐下来好好商量, 莫唉欸",1
551,van3,挽,绾,挽,悬挂；套入,1
552,vang3guong1,黄光,黄光,黄光,灯光明亮的样子,1
553,vang4,横,横,横,"倒下:秋喃夜落欸暴雨,路后一条大树~欸(昨晚下了暴雨,路旁一棵大树倒下了)。",1
554,vê4,濊,濊,濊,撒：胡胡椒粉啊汤肚里,1
555,vê4,衊,衊,衊,"撒:~兜碎米分细鸡仔食(撒些碎米给小鸡儿吃) 等细人欸搞沙,莫~啊满地都係(你小孩儿玩沙子,别撒得满地都是)。",1
556,vo3,喎,喎,喎,"①吩咐:使唉去广州个火车票~买好来(你到广州的火车票我已经给你买好了);②句末语气词,表示确定或惊讶:寻小字,但今日无来上班~(你找小李,他今天没来上班呢) 件线衫正买欸五百块钱,好平~(你这件线衫才花了五百块钱,很便宜啊)。",1
557,vog5,擭,擭,擭,"打耳光:但用臭话骂人,分人巴掌~啊去(他用脏话骂人,被人一巴掌扇过去)。",1
558,vog5d6ug5,镬古,镬古,镬古,"锅底中心:只镬头~有只细眼欸,拿补锅师傅补一下(这口铁锅锅底有个小洞,拿给补锅师傅补一补)。",1
559,voi1,煨,煨,煨,把食物埋进火灰中烤:几条~个番薯拿去异香(这几根烤的红薯吃起来很香)。,1
560,vong1,枉,枉,枉,出力击打:但个鼻公分人拳头~出血欸(他的鼻子被人用拳头打出血了)。,1
561,vong1vong1vai3vai3,汪汪哇哇,汪汪哇哇,汪汪哇哇,"大喊大叫:人家啊会议室开等会,莫唉欸~(人家正在会议室开会,别在外边大喊大叫好吗)。",1
562,von2c4d6,黄蝖,黄白,黄蝖,蟑螂,1
563,vul1ê4u3,乌豆欸,乌豆欸,乌豆欸,与乌豆同。,1
564,vuvoung4,芋仲,芋仲,芋仲,一种农具；也指不醒目、不精明的人,1
565,vu45,物,物,物,用容器从成堆的谷物中装取:拿畚箕去将禾坪上的谷~起来(用竹箕将禾坪上的稻谷装起来)。,1
566,vu45,郁,郁,郁,"(口语)郁闷:有脉个唔开心个事唔好~啊心肚欸,会伤身体个(有什么不开心的事不要郁积在心里,会很伤身体的)。",1
567,vud6,芴,芴,芴,"乱涂乱画:但写毛笔字随便~啊去,好难看看得真(他写毛笔字乱涂乱画,很难看得清楚)。",1
568,vug5boi4ful,屋背夫,屋背夫,屋背夫,后院,1
569,vug5kal,屋卡,屋夸，屋家，屋下，屋跨,屋卡,家里,1
570,vum2,浑,浑,浑,浊 (~水),1
571,vun4,困,困,困,关住；困住；禁锢,1
572,vung1,壅,壅,壅,覆盖:死老鼠拿泥~等知(用土把死老鼠覆盖住)。,1
573,vilxilxilxid5,嘻嘻息息,嘻嘻息息,嘻嘻息息,交头接耳,1
574,vi4,尉,尉,尉,"铺垫:几日天冷欸,鸡埘肚欸~多些稻草(这几天天气冷了,给鸡窝里多垫些稻草)。",1
575,xi4,泻,泻,泻,"摔破:唉个花瓶分佢~啊欸,真可惜(这么漂亮的花瓶给他摔破了,真可惜)。",1
576,xiab5,揳,揳,揳,"添加或铺垫:只枕头忒矮,~兜木棉絮去(这个枕头太矮了,添点儿木棉絮进去) 张书桌有只桌脚忒短,同底底下~个楔子进去(这张书桌有个桌脚太短了,我在底下垫个楔子进去)。",1
577,xiab5,楔,楔,楔,楔子,1
578,xiam1xil1,暹犀,暹犀,暹犀,"斤斤计较:但人只~个,买东西西一角钱都舍得花时间讲价(他这个人斤斤计较的,买东西连一毛钱都舍得花时间讲价)。",1
579,xiau1,消,消,消,"""死""的委婉说法之一:五叔公病欸好久,昨夜欸~撒欸(五叔公病了很长时间,昨晚去世了)。",1
580,xiau4,笑,笑,笑,"用拳打:但去偷人家个鸡欸,分人~伤欸(他去偷别人家的鸡,被人打了一拳)。",1
581,xien3,铣,铣,铣,闩:出门一定要~好大门来。(出门一定要把大门闩好)。,1
582,xien1liu1,心舅,心舅,心舅,媳妇,1
583,xiu2,岫,岫,岫,"痉挛引起的抽痛:唉久膝头总係~痛(我最近膝盖老是抽痛,不知道是不是风湿病又犯了)。",1
584,xiu3,揫,揫,揫,抽打:条牛爱鞭欸~正肯犁田(这头牛要鞭子抽打了才肯犁田)。,1
585,ya2oi1,爷唉,爷唉,爷唉,父母,1
586,ya3,搰,搰,搰,抓痒,1
587,ya45,掗,掗,掗,"揭发:但贪污受贿个事分人啊网上~欸,难保不会立案审查(他贪污受贿的事被人在网上揭发了,难保不会立案审查)。",1
588,yai2,椰,椰,椰,"老矣:个妹欸读书好~,请来做家教辅导佢(我女儿学习成绩很差,请你来当家庭教师辅导她) 秋喃日买转个番薯好~,有唔少沙虫个(你昨天买的红薯质量很差,有不少沙虫)。",1
589,yai3,揶,揶,揶,"①踩:晓得~单车么(你会踩自行车吗)? 唔留心~一脚,对唔住(我不小心踩了你一脚,对不起);②转:头先~啊欸去,都找唔着(你刚才转到哪儿去了,都找不着你)。",1
590,yam4,䬹,䬹,䬹,摇动、抖动貌,1
591,yan2,缘,缘,缘,"指小虫爬动:颈茎上分生虫欸~,又红又痒(我脖子上给虫子爬过,又红又痒)。",1
592,yang1,央,央,央,①缠绕:买转来个毛线同~做线团(买回来的毛线我给它绕成线团);②环飞:一只老鹞喺山顶上尽~(一只老鹰在山顶上不停地环飞)。,1
593,yang3,影,影,影,隐约地看见:出街~倒一只人好像阿哥(我上街隐约看见一个人很像你哥哥)。,1
594,yaul,吆,吆,吆,"稀,烂:~粥(稀粥)/~泥(烂泥)。",1
595,yaulnag5,腰捩,腰捩,腰捩,腰椎疾病,1
596,yê4,曳,曳,曳,"慢条斯理:但有唉~,上紧个事千祈莫分佢去做(他慢条斯理惯了的,紧急的事儿千万别交给他去做)。",1
597,yê4,拽,拽,拽,撒落,1
598,yi3si4,倚恃,倚恃,倚恃,依靠；依仗,1
599,yi4,异,异,异,很 (~好),1
600,yi45hultiên2,一坵田,一坵田,一坵田,一块田,1
601,yi4,鈶,鈶,鈶,"接触粗硬的东西感到不适:次席欸粗研欸,~去人会死(这床席子很粗糙,睡觉时觉得身上很不舒服) 打赤脚水,分石头~倒脚(我光脚踩水,给石头硌伤了脚)。",1
602,yi44dê4u3,义斗,义斗,义斗,跟斗，跟头,1
603,yo4,喲,喲,喲,"肚皮外凸:唔到四十岁就唉~,爱多多锻炼减肥正行(你不到四十岁肚皮就这么凸,要多多锻炼减肥才行)。",1
604,yog6,药,药,药,饼干受潮变软：饼干药软欸,1
605,yong4,攘,攘,攘,"指人多拥挤:一到圩日,来赶圩个人十分~(一到集市日,来赶集的人非常拥挤)。",1
606,rab5,捋,捋,捋,折叠:衫收起来~好知(把衣服收起来折叠好) 晓得~船么(你会摇船吗)。,1
607,rag5,礣,礣,礣,压 (用石头~着),1
608,ram4,湛,湛,湛,"渗:几日天花板上~水,寻泥水师傅来修一修(这几天天花板渗水,找泥水师傅来修一修)。",1
609,ran3,苒,苒，橪,苒,美好:做个开镜肉丸真係~食(你做的开锅肉丸非常好吃);②舒畅:行远路做按摩一身~好(走了远路做按摩全身很舒服)。,1
610,ran4,爛,爛,爛,熟,1
611,rau1,捞,捞,捞,干煸:去看下个番豆炒~了无(你去看看外面的花生晒干了没有)。,1
612,rau4,闹,闹,闹,"①小虫咬:个脚肚分沙虫~啊欸,痒死欸(我的小腿给沙虫咬了,痒死了);②缠住讨要:但常时去阿婆个度~钱用(他常常去奶奶那里缠着要钱用)。",1
613,rê1go1,惹哥,惹哥,惹哥,"指长得瘦弱的男孩儿:阿冬生得又矮又瘦,人家都喊佢~(阿冬长得又矮又瘦,别人都叫他瘦小子)。",1
614,rê45,热,热,热,"估算:个只客厅铺地砖,~啊欸看买几多瓷砖(我家客厅铺地砖,你估算一下看要买多少瓷砖);②试探:但嘛~你唔係真心欢喜佢(他在试探你是不是真心喜欢她)。",1
615,rem1,稔,稔,稔,吻 (亲嘴),1
616,rem2rem2rem4rem4,扰扰扰扰,扰扰扰扰,扰扰扰扰,拟声词，例如下雨的声音,1
617,rem4,荏,荏,荏,用指甲按:手臂上分个指甲~烂欸一淌(我的手臂给你的指甲按破了一点儿)。,1
618,ro4s4,侘傺,侘傺,侘傺,做事,1
619,ro46,喏,喏,喏,吮吸:只细人欸三岁欸还~乳哺(这个孩子三岁了还含奶嘴)。,1
620,zog5,斫,斫,斫,使劲打,1
621,zoi4,嘴,嘴,嘴,下巴尖儿。,1
622,zoi4rug5gab5guai3,竹夹拐,竹夹拐,竹夹拐,竹蛙:鸡埘里有几只~(鸡窝里有几只竹蛙)。,1
623,zui3,嘴,嘴,嘴,①啄:鸡埘里的鸡~地上的虫蚁食(鸡在地上啄虫子吃);②掏取:但常时去~阿婆个钱用(他常常去掏奶奶的钱用)。,1
624,zun1,尊,尊,尊,发抖,1
625,zung2,冲,冲,冲,"(口语)冲洗:屙屎爱~多兜水,正唔会唉臭(大便后要多用些水冲洗,才不会这么臭)。",1
